{
  "count": 1,
  "value": [
    {
      "id": 2,
      "rev": 1,
      "fields": {
        "System.AreaPath": "Tailwind Traders",
        "System.TeamProject": "Tailwind Traders",
        "System.IterationPath": "Tailwind Traders",
        "System.WorkItemType": "Bug",
        "System.State": "New",
        "System.Reason": "New",
        "System.CreatedDate": "2021-09-10T23:33:12.713Z",
        "System.CreatedBy": "Marcin Policht <mpolicht@hotmail.com>",
        "System.ChangedDate": "2021-09-10T23:33:12.713Z",
        "System.ChangedBy": "Marcin Policht <mpolicht@hotmail.com>",
        "System.Title": "The link to \"about us\" on the bottom of the main page missing",
        "Microsoft.VSTS.Scheduling.Effort": 0.0,
        "System.Description": "The link to &quot;about us&quot; on the bottom of the main page missing",
        "System.AssignedTo": null,
        "Microsoft.VSTS.Scheduling.RemainingWork": 0.0,
        "Microsoft.VSTS.Common.Priority": 2.0,
        "System.BoardLane": null,
        "System.Tags": null,
        "Microsoft.VSTS.TCM.Steps": null,
        "Microsoft.VSTS.TCM.Parameters": null,
        "Microsoft.VSTS.TCM.LocalDataSource": null,
        "Microsoft.VSTS.TCM.AutomationStatus": null,
        "System.History": null
      },
      "relations": [
        {
          "rel": "System.LinkTypes.Hierarchy-Reverse",
          "url": "https://dev.azure.com/mpvso2/_apis/wit/workItems/15",
          "attributes": {
            "isLocked": "false",
            "comment": "Making a new link for the dependency",
            "name": "Parent"
          }
        }
      ],
      "url": "https://dev.azure.com/mpvso2/_apis/wit/workItems/2"
    }
  ],
  "HttpStatusCode": 0,
  "Message": null
}