{
  "count": 10,
  "value": [
    {
      "id": 8,
      "rev": 2,
      "fields": {
        "System.AreaPath": "Tailwind Traders",
        "System.TeamProject": "Tailwind Traders",
        "System.IterationPath": "$ProjectName$\\Iteration 1",
        "System.WorkItemType": "Feature",
        "System.State": "New",
        "System.Reason": "New",
        "System.CreatedDate": "2021-09-10T23:33:14.363Z",
        "System.CreatedBy": "Marcin Policht <mpolicht@hotmail.com>",
        "System.ChangedDate": "2021-09-10T23:35:37.49Z",
        "System.ChangedBy": "Marcin Policht <mpolicht@hotmail.com>",
        "System.Title": "Shipping & Delivery",
        "Microsoft.VSTS.Scheduling.Effort": 0.0,
        "System.Description": "Shipping &amp; Delivery",
        "System.AssignedTo": null,
        "Microsoft.VSTS.Scheduling.RemainingWork": 0.0,
        "Microsoft.VSTS.Common.Priority": 2.0,
        "System.BoardLane": null,
        "System.Tags": null,
        "Microsoft.VSTS.TCM.Steps": null,
        "Microsoft.VSTS.TCM.Parameters": null,
        "Microsoft.VSTS.TCM.LocalDataSource": null,
        "Microsoft.VSTS.TCM.AutomationStatus": null,
        "System.History": null
      },
      "relations": [
        {
          "rel": "System.LinkTypes.Hierarchy-Forward",
          "url": "https://dev.azure.com/mpvso2/_apis/wit/workItems/68",
          "attributes": {
            "isLocked": "false",
            "comment": "Making a new link for the dependency",
            "name": "Child"
          }
        },
        {
          "rel": "System.LinkTypes.Hierarchy-Reverse",
          "url": "https://dev.azure.com/mpvso2/_apis/wit/workItems/4",
          "attributes": {
            "isLocked": "false",
            "comment": "Making a new link for the dependency",
            "name": "Parent"
          }
        },
        {
          "rel": "System.LinkTypes.Hierarchy-Forward",
          "url": "https://dev.azure.com/mpvso2/_apis/wit/workItems/65",
          "attributes": {
            "isLocked": "false",
            "comment": "Making a new link for the dependency",
            "name": "Child"
          }
        }
      ],
      "url": "https://dev.azure.com/mpvso2/_apis/wit/workItems/8"
    },
    {
      "id": 9,
      "rev": 2,
      "fields": {
        "System.AreaPath": "Tailwind Traders",
        "System.TeamProject": "Tailwind Traders",
        "System.IterationPath": "$ProjectName$\\Iteration 1",
        "System.WorkItemType": "Feature",
        "System.State": "New",
        "System.Reason": "New",
        "System.CreatedDate": "2021-09-10T23:33:14.513Z",
        "System.CreatedBy": "Marcin Policht <mpolicht@hotmail.com>",
        "System.ChangedDate": "2021-09-10T23:35:37.49Z",
        "System.ChangedBy": "Marcin Policht <mpolicht@hotmail.com>",
        "System.Title": "Gift cards",
        "Microsoft.VSTS.Scheduling.Effort": 0.0,
        "System.Description": "Gift cards",
        "System.AssignedTo": null,
        "Microsoft.VSTS.Scheduling.RemainingWork": 0.0,
        "Microsoft.VSTS.Common.Priority": 2.0,
        "System.BoardLane": null,
        "System.Tags": null,
        "Microsoft.VSTS.TCM.Steps": null,
        "Microsoft.VSTS.TCM.Parameters": null,
        "Microsoft.VSTS.TCM.LocalDataSource": null,
        "Microsoft.VSTS.TCM.AutomationStatus": null,
        "System.History": null
      },
      "relations": [
        {
          "rel": "System.LinkTypes.Hierarchy-Reverse",
          "url": "https://dev.azure.com/mpvso2/_apis/wit/workItems/4",
          "attributes": {
            "isLocked": "false",
            "comment": "Making a new link for the dependency",
            "name": "Parent"
          }
        }
      ],
      "url": "https://dev.azure.com/mpvso2/_apis/wit/workItems/9"
    },
    {
      "id": 10,
      "rev": 2,
      "fields": {
        "System.AreaPath": "Tailwind Traders",
        "System.TeamProject": "Tailwind Traders",
        "System.IterationPath": "$ProjectName$\\Iteration 2",
        "System.WorkItemType": "Feature",
        "System.State": "New",
        "System.Reason": "New",
        "System.CreatedDate": "2021-09-10T23:33:14.66Z",
        "System.CreatedBy": "Marcin Policht <mpolicht@hotmail.com>",
        "System.ChangedDate": "2021-09-10T23:35:37.49Z",
        "System.ChangedBy": "Marcin Policht <mpolicht@hotmail.com>",
        "System.Title": "Loyalty points",
        "Microsoft.VSTS.Scheduling.Effort": 0.0,
        "System.Description": "Loyalty points",
        "System.AssignedTo": null,
        "Microsoft.VSTS.Scheduling.RemainingWork": 0.0,
        "Microsoft.VSTS.Common.Priority": 2.0,
        "System.BoardLane": null,
        "System.Tags": null,
        "Microsoft.VSTS.TCM.Steps": null,
        "Microsoft.VSTS.TCM.Parameters": null,
        "Microsoft.VSTS.TCM.LocalDataSource": null,
        "Microsoft.VSTS.TCM.AutomationStatus": null,
        "System.History": null
      },
      "relations": [
        {
          "rel": "System.LinkTypes.Hierarchy-Forward",
          "url": "https://dev.azure.com/mpvso2/_apis/wit/workItems/63",
          "attributes": {
            "isLocked": "false",
            "comment": "Making a new link for the dependency",
            "name": "Child"
          }
        },
        {
          "rel": "System.LinkTypes.Hierarchy-Forward",
          "url": "https://dev.azure.com/mpvso2/_apis/wit/workItems/61",
          "attributes": {
            "isLocked": "false",
            "comment": "Making a new link for the dependency",
            "name": "Child"
          }
        },
        {
          "rel": "System.LinkTypes.Hierarchy-Reverse",
          "url": "https://dev.azure.com/mpvso2/_apis/wit/workItems/6",
          "attributes": {
            "isLocked": "false",
            "comment": "Making a new link for the dependency",
            "name": "Parent"
          }
        }
      ],
      "url": "https://dev.azure.com/mpvso2/_apis/wit/workItems/10"
    },
    {
      "id": 11,
      "rev": 2,
      "fields": {
        "System.AreaPath": "Tailwind Traders",
        "System.TeamProject": "Tailwind Traders",
        "System.IterationPath": "$ProjectName$\\Iteration 1",
        "System.WorkItemType": "Feature",
        "System.State": "New",
        "System.Reason": "New",
        "System.CreatedDate": "2021-09-10T23:33:14.873Z",
        "System.CreatedBy": "Marcin Policht <mpolicht@hotmail.com>",
        "System.ChangedDate": "2021-09-10T23:35:37.49Z",
        "System.ChangedBy": "Marcin Policht <mpolicht@hotmail.com>",
        "System.Title": "Redemption",
        "Microsoft.VSTS.Scheduling.Effort": 0.0,
        "System.Description": "Redemption",
        "System.AssignedTo": null,
        "Microsoft.VSTS.Scheduling.RemainingWork": 0.0,
        "Microsoft.VSTS.Common.Priority": 2.0,
        "System.BoardLane": null,
        "System.Tags": null,
        "Microsoft.VSTS.TCM.Steps": null,
        "Microsoft.VSTS.TCM.Parameters": null,
        "Microsoft.VSTS.TCM.LocalDataSource": null,
        "Microsoft.VSTS.TCM.AutomationStatus": null,
        "System.History": null
      },
      "relations": [
        {
          "rel": "System.LinkTypes.Hierarchy-Reverse",
          "url": "https://dev.azure.com/mpvso2/_apis/wit/workItems/6",
          "attributes": {
            "isLocked": "false",
            "comment": "Making a new link for the dependency",
            "name": "Parent"
          }
        }
      ],
      "url": "https://dev.azure.com/mpvso2/_apis/wit/workItems/11"
    },
    {
      "id": 12,
      "rev": 2,
      "fields": {
        "System.AreaPath": "Tailwind Traders",
        "System.TeamProject": "Tailwind Traders",
        "System.IterationPath": "$ProjectName$\\Iteration 1",
        "System.WorkItemType": "Feature",
        "System.State": "New",
        "System.Reason": "New",
        "System.CreatedDate": "2021-09-10T23:33:15.033Z",
        "System.CreatedBy": "Marcin Policht <mpolicht@hotmail.com>",
        "System.ChangedDate": "2021-09-10T23:35:37.49Z",
        "System.ChangedBy": "Marcin Policht <mpolicht@hotmail.com>",
        "System.Title": "Credit Card Payments",
        "Microsoft.VSTS.Scheduling.Effort": 0.0,
        "System.Description": "Credit Card Payments",
        "System.AssignedTo": null,
        "Microsoft.VSTS.Scheduling.RemainingWork": 0.0,
        "Microsoft.VSTS.Common.Priority": 2.0,
        "System.BoardLane": null,
        "System.Tags": null,
        "Microsoft.VSTS.TCM.Steps": null,
        "Microsoft.VSTS.TCM.Parameters": null,
        "Microsoft.VSTS.TCM.LocalDataSource": null,
        "Microsoft.VSTS.TCM.AutomationStatus": null,
        "System.History": null
      },
      "relations": [
        {
          "rel": "System.LinkTypes.Hierarchy-Reverse",
          "url": "https://dev.azure.com/mpvso2/_apis/wit/workItems/4",
          "attributes": {
            "isLocked": "false",
            "comment": "Making a new link for the dependency",
            "name": "Parent"
          }
        }
      ],
      "url": "https://dev.azure.com/mpvso2/_apis/wit/workItems/12"
    },
    {
      "id": 13,
      "rev": 2,
      "fields": {
        "System.AreaPath": "Tailwind Traders",
        "System.TeamProject": "Tailwind Traders",
        "System.IterationPath": "$ProjectName$\\Iteration 3",
        "System.WorkItemType": "Feature",
        "System.State": "New",
        "System.Reason": "New",
        "System.CreatedDate": "2021-09-10T23:33:15.17Z",
        "System.CreatedBy": "Marcin Policht <mpolicht@hotmail.com>",
        "System.ChangedDate": "2021-09-10T23:35:37.49Z",
        "System.ChangedBy": "Marcin Policht <mpolicht@hotmail.com>",
        "System.Title": "Purchase",
        "Microsoft.VSTS.Scheduling.Effort": 0.0,
        "System.Description": "Purchase",
        "System.AssignedTo": null,
        "Microsoft.VSTS.Scheduling.RemainingWork": 0.0,
        "Microsoft.VSTS.Common.Priority": 2.0,
        "System.BoardLane": null,
        "System.Tags": null,
        "Microsoft.VSTS.TCM.Steps": null,
        "Microsoft.VSTS.TCM.Parameters": null,
        "Microsoft.VSTS.TCM.LocalDataSource": null,
        "Microsoft.VSTS.TCM.AutomationStatus": null,
        "System.History": null
      },
      "relations": [
        {
          "rel": "System.LinkTypes.Hierarchy-Forward",
          "url": "https://dev.azure.com/mpvso2/_apis/wit/workItems/58",
          "attributes": {
            "isLocked": "false",
            "comment": "Making a new link for the dependency",
            "name": "Child"
          }
        },
        {
          "rel": "System.LinkTypes.Hierarchy-Forward",
          "url": "https://dev.azure.com/mpvso2/_apis/wit/workItems/69",
          "attributes": {
            "isLocked": "false",
            "comment": "Making a new link for the dependency",
            "name": "Child"
          }
        },
        {
          "rel": "System.LinkTypes.Hierarchy-Forward",
          "url": "https://dev.azure.com/mpvso2/_apis/wit/workItems/62",
          "attributes": {
            "isLocked": "false",
            "comment": "Making a new link for the dependency",
            "name": "Child"
          }
        },
        {
          "rel": "System.LinkTypes.Hierarchy-Forward",
          "url": "https://dev.azure.com/mpvso2/_apis/wit/workItems/66",
          "attributes": {
            "isLocked": "false",
            "comment": "Making a new link for the dependency",
            "name": "Child"
          }
        },
        {
          "rel": "System.LinkTypes.Hierarchy-Forward",
          "url": "https://dev.azure.com/mpvso2/_apis/wit/workItems/54",
          "attributes": {
            "isLocked": "false",
            "comment": "Making a new link for the dependency",
            "name": "Child"
          }
        },
        {
          "rel": "System.LinkTypes.Hierarchy-Reverse",
          "url": "https://dev.azure.com/mpvso2/_apis/wit/workItems/7",
          "attributes": {
            "isLocked": "false",
            "comment": "Making a new link for the dependency",
            "name": "Parent"
          }
        }
      ],
      "url": "https://dev.azure.com/mpvso2/_apis/wit/workItems/13"
    },
    {
      "id": 14,
      "rev": 2,
      "fields": {
        "System.AreaPath": "Tailwind Traders",
        "System.TeamProject": "Tailwind Traders",
        "System.IterationPath": "$ProjectName$\\Iteration 1",
        "System.WorkItemType": "Feature",
        "System.State": "New",
        "System.Reason": "New",
        "System.CreatedDate": "2021-09-10T23:33:15.393Z",
        "System.CreatedBy": "Marcin Policht <mpolicht@hotmail.com>",
        "System.ChangedDate": "2021-09-10T23:35:37.49Z",
        "System.ChangedBy": "Marcin Policht <mpolicht@hotmail.com>",
        "System.Title": "Membership signup",
        "Microsoft.VSTS.Scheduling.Effort": 0.0,
        "System.Description": "Membership signup",
        "System.AssignedTo": null,
        "Microsoft.VSTS.Scheduling.RemainingWork": 0.0,
        "Microsoft.VSTS.Common.Priority": 2.0,
        "System.BoardLane": null,
        "System.Tags": null,
        "Microsoft.VSTS.TCM.Steps": null,
        "Microsoft.VSTS.TCM.Parameters": null,
        "Microsoft.VSTS.TCM.LocalDataSource": null,
        "Microsoft.VSTS.TCM.AutomationStatus": null,
        "System.History": null
      },
      "relations": [
        {
          "rel": "System.LinkTypes.Hierarchy-Forward",
          "url": "https://dev.azure.com/mpvso2/_apis/wit/workItems/55",
          "attributes": {
            "isLocked": "false",
            "comment": "Making a new link for the dependency",
            "name": "Child"
          }
        },
        {
          "rel": "System.LinkTypes.Hierarchy-Forward",
          "url": "https://dev.azure.com/mpvso2/_apis/wit/workItems/64",
          "attributes": {
            "isLocked": "false",
            "comment": "Making a new link for the dependency",
            "name": "Child"
          }
        },
        {
          "rel": "System.LinkTypes.Hierarchy-Forward",
          "url": "https://dev.azure.com/mpvso2/_apis/wit/workItems/57",
          "attributes": {
            "isLocked": "false",
            "comment": "Making a new link for the dependency",
            "name": "Child"
          }
        },
        {
          "rel": "System.LinkTypes.Hierarchy-Reverse",
          "url": "https://dev.azure.com/mpvso2/_apis/wit/workItems/5",
          "attributes": {
            "isLocked": "false",
            "comment": "Making a new link for the dependency",
            "name": "Parent"
          }
        }
      ],
      "url": "https://dev.azure.com/mpvso2/_apis/wit/workItems/14"
    },
    {
      "id": 15,
      "rev": 2,
      "fields": {
        "System.AreaPath": "Tailwind Traders",
        "System.TeamProject": "Tailwind Traders",
        "System.IterationPath": "Tailwind Traders",
        "System.WorkItemType": "Feature",
        "System.State": "New",
        "System.Reason": "New",
        "System.CreatedDate": "2021-09-10T23:33:15.857Z",
        "System.CreatedBy": "Marcin Policht <mpolicht@hotmail.com>",
        "System.ChangedDate": "2021-09-10T23:35:37.49Z",
        "System.ChangedBy": "Marcin Policht <mpolicht@hotmail.com>",
        "System.Title": "Price Catalog",
        "Microsoft.VSTS.Scheduling.Effort": 0.0,
        "System.Description": "Price Catalog",
        "System.AssignedTo": null,
        "Microsoft.VSTS.Scheduling.RemainingWork": 0.0,
        "Microsoft.VSTS.Common.Priority": 2.0,
        "System.BoardLane": null,
        "System.Tags": null,
        "Microsoft.VSTS.TCM.Steps": null,
        "Microsoft.VSTS.TCM.Parameters": null,
        "Microsoft.VSTS.TCM.LocalDataSource": null,
        "Microsoft.VSTS.TCM.AutomationStatus": null,
        "System.History": null
      },
      "relations": [
        {
          "rel": "System.LinkTypes.Hierarchy-Forward",
          "url": "https://dev.azure.com/mpvso2/_apis/wit/workItems/2",
          "attributes": {
            "isLocked": "false",
            "comment": "Making a new link for the dependency",
            "name": "Child"
          }
        },
        {
          "rel": "System.LinkTypes.Hierarchy-Reverse",
          "url": "https://dev.azure.com/mpvso2/_apis/wit/workItems/7",
          "attributes": {
            "isLocked": "false",
            "comment": "Making a new link for the dependency",
            "name": "Parent"
          }
        },
        {
          "rel": "System.LinkTypes.Hierarchy-Forward",
          "url": "https://dev.azure.com/mpvso2/_apis/wit/workItems/59",
          "attributes": {
            "isLocked": "false",
            "comment": "Making a new link for the dependency",
            "name": "Child"
          }
        }
      ],
      "url": "https://dev.azure.com/mpvso2/_apis/wit/workItems/15"
    },
    {
      "id": 16,
      "rev": 2,
      "fields": {
        "System.AreaPath": "Tailwind Traders",
        "System.TeamProject": "Tailwind Traders",
        "System.IterationPath": "$ProjectName$\\Iteration 2",
        "System.WorkItemType": "Feature",
        "System.State": "New",
        "System.Reason": "New",
        "System.CreatedDate": "2021-09-10T23:33:16.013Z",
        "System.CreatedBy": "Marcin Policht <mpolicht@hotmail.com>",
        "System.ChangedDate": "2021-09-10T23:35:37.49Z",
        "System.ChangedBy": "Marcin Policht <mpolicht@hotmail.com>",
        "System.Title": "Newsletter",
        "Microsoft.VSTS.Scheduling.Effort": 0.0,
        "System.Description": "Newsletter",
        "System.AssignedTo": null,
        "Microsoft.VSTS.Scheduling.RemainingWork": 0.0,
        "Microsoft.VSTS.Common.Priority": 2.0,
        "System.BoardLane": null,
        "System.Tags": null,
        "Microsoft.VSTS.TCM.Steps": null,
        "Microsoft.VSTS.TCM.Parameters": null,
        "Microsoft.VSTS.TCM.LocalDataSource": null,
        "Microsoft.VSTS.TCM.AutomationStatus": null,
        "System.History": null
      },
      "relations": [
        {
          "rel": "System.LinkTypes.Hierarchy-Reverse",
          "url": "https://dev.azure.com/mpvso2/_apis/wit/workItems/5",
          "attributes": {
            "isLocked": "false",
            "comment": "Making a new link for the dependency",
            "name": "Parent"
          }
        },
        {
          "rel": "System.LinkTypes.Hierarchy-Forward",
          "url": "https://dev.azure.com/mpvso2/_apis/wit/workItems/67",
          "attributes": {
            "isLocked": "false",
            "comment": "Making a new link for the dependency",
            "name": "Child"
          }
        },
        {
          "rel": "System.LinkTypes.Hierarchy-Forward",
          "url": "https://dev.azure.com/mpvso2/_apis/wit/workItems/60",
          "attributes": {
            "isLocked": "false",
            "comment": "Making a new link for the dependency",
            "name": "Child"
          }
        }
      ],
      "url": "https://dev.azure.com/mpvso2/_apis/wit/workItems/16"
    },
    {
      "id": 17,
      "rev": 2,
      "fields": {
        "System.AreaPath": "Tailwind Traders",
        "System.TeamProject": "Tailwind Traders",
        "System.IterationPath": "Tailwind Traders",
        "System.WorkItemType": "Feature",
        "System.State": "New",
        "System.Reason": "New",
        "System.CreatedDate": "2021-09-10T23:33:16.16Z",
        "System.CreatedBy": "Marcin Policht <mpolicht@hotmail.com>",
        "System.ChangedDate": "2021-09-10T23:35:37.49Z",
        "System.ChangedBy": "Marcin Policht <mpolicht@hotmail.com>",
        "System.Title": "Product Catalog",
        "Microsoft.VSTS.Scheduling.Effort": 0.0,
        "System.Description": "Product Catalog",
        "System.AssignedTo": null,
        "Microsoft.VSTS.Scheduling.RemainingWork": 0.0,
        "Microsoft.VSTS.Common.Priority": 2.0,
        "System.BoardLane": null,
        "System.Tags": null,
        "Microsoft.VSTS.TCM.Steps": null,
        "Microsoft.VSTS.TCM.Parameters": null,
        "Microsoft.VSTS.TCM.LocalDataSource": null,
        "Microsoft.VSTS.TCM.AutomationStatus": null,
        "System.History": null
      },
      "relations": [
        {
          "rel": "System.LinkTypes.Hierarchy-Forward",
          "url": "https://dev.azure.com/mpvso2/_apis/wit/workItems/53",
          "attributes": {
            "isLocked": "false",
            "comment": "Making a new link for the dependency",
            "name": "Child"
          }
        },
        {
          "rel": "System.LinkTypes.Hierarchy-Reverse",
          "url": "https://dev.azure.com/mpvso2/_apis/wit/workItems/7",
          "attributes": {
            "isLocked": "false",
            "comment": "Making a new link for the dependency",
            "name": "Parent"
          }
        },
        {
          "rel": "System.LinkTypes.Hierarchy-Forward",
          "url": "https://dev.azure.com/mpvso2/_apis/wit/workItems/56",
          "attributes": {
            "isLocked": "false",
            "comment": "Making a new link for the dependency",
            "name": "Child"
          }
        }
      ],
      "url": "https://dev.azure.com/mpvso2/_apis/wit/workItems/17"
    }
  ],
  "HttpStatusCode": 0,
  "Message": null
}