{
  "count": 12,
  "value": [
    {
      "id": 18,
      "rev": 5,
      "fields": {
        "System.AreaPath": "Tailwind Traders",
        "System.TeamProject": "Tailwind Traders",
        "System.IterationPath": "$ProjectName$\\Iteration 1",
        "System.WorkItemType": "Task",
        "System.State": "Closed",
        "System.Reason": "Completed",
        "System.CreatedDate": "2021-09-10T23:33:16.517Z",
        "System.CreatedBy": "Marcin Policht <mpolicht@hotmail.com>",
        "System.ChangedDate": "2021-09-10T23:33:31.437Z",
        "System.ChangedBy": "Marcin Policht <mpolicht@hotmail.com>",
        "System.Title": "As a User I want to view a public landing page with static information - JS",
        "Microsoft.VSTS.Scheduling.Effort": 0.0,
        "System.Description": "As a User I want to view a public landing page with static information - JS",
        "System.AssignedTo": null,
        "Microsoft.VSTS.Scheduling.RemainingWork": 0.0,
        "Microsoft.VSTS.Common.Priority": 2.0,
        "System.BoardLane": null,
        "System.Tags": null,
        "Microsoft.VSTS.TCM.Steps": null,
        "Microsoft.VSTS.TCM.Parameters": null,
        "Microsoft.VSTS.TCM.LocalDataSource": null,
        "Microsoft.VSTS.TCM.AutomationStatus": null,
        "System.History": null
      },
      "relations": [
        {
          "rel": "System.LinkTypes.Hierarchy-Reverse",
          "url": "https://dev.azure.com/mpvso2/_apis/wit/workItems/54",
          "attributes": {
            "isLocked": "false",
            "comment": "Making a new link for the dependency",
            "name": "Parent"
          }
        },
        {
          "rel": "ArtifactLink",
          "url": "vstfs:///Build/Build/6",
          "attributes": {
            "authorizedDate": "2021-09-10T23:33:30.787Z",
            "id": "7082173",
            "resourceCreatedDate": "2021-09-10T23:33:30.787Z",
            "resourceModifiedDate": "2021-09-10T23:33:30.787Z",
            "revisedDate": "9999-01-01T00:00:00Z",
            "name": "Integrated in build"
          }
        },
        {
          "rel": "ArtifactLink",
          "url": "vstfs:///Build/Build/275",
          "attributes": {
            "authorizedDate": "2021-09-10T23:33:31.437Z",
            "id": "7082176",
            "resourceCreatedDate": "2021-09-10T23:33:31.437Z",
            "resourceModifiedDate": "2021-09-10T23:33:31.437Z",
            "revisedDate": "9999-01-01T00:00:00Z",
            "name": "Integrated in build"
          }
        },
        {
          "rel": "ArtifactLink",
          "url": "vstfs:///Git/Commit/49fa88ec-f0a8-417b-8858-c824a4e8582a%2fe09b416c-8a2c-45a2-976a-8165f248b1b8%2fe253cb272a93936e38cd206de000f69e179820c0",
          "attributes": {
            "authorizedDate": "2021-09-10T23:33:31.093Z",
            "id": "7082175",
            "resourceCreatedDate": "2021-09-10T23:33:31.093Z",
            "resourceModifiedDate": "2021-09-10T23:33:31.093Z",
            "revisedDate": "9999-01-01T00:00:00Z",
            "name": "Fixed in Commit"
          }
        },
        {
          "rel": "ArtifactLink",
          "url": "vstfs:///Git/PullRequestId/49fa88ec-f0a8-417b-8858-c824a4e8582a%2fe09b416c-8a2c-45a2-976a-8165f248b1b8%2f1",
          "attributes": {
            "authorizedDate": "2021-09-10T23:33:30.953Z",
            "id": "7082174",
            "resourceCreatedDate": "2021-09-10T23:33:30.953Z",
            "resourceModifiedDate": "2021-09-10T23:33:30.953Z",
            "revisedDate": "9999-01-01T00:00:00Z",
            "name": "Pull Request"
          }
        }
      ],
      "url": "https://dev.azure.com/mpvso2/_apis/wit/workItems/18"
    },
    {
      "id": 19,
      "rev": 1,
      "fields": {
        "System.AreaPath": "Tailwind Traders",
        "System.TeamProject": "Tailwind Traders",
        "System.IterationPath": "$ProjectName$\\Iteration 1",
        "System.WorkItemType": "Task",
        "System.State": "Closed",
        "System.Reason": "Completed",
        "System.CreatedDate": "2021-09-10T23:33:16.663Z",
        "System.CreatedBy": "Marcin Policht <mpolicht@hotmail.com>",
        "System.ChangedDate": "2021-09-10T23:33:16.663Z",
        "System.ChangedBy": "Marcin Policht <mpolicht@hotmail.com>",
        "System.Title": "As a User I want to see a list of popular products in the landing page - Layout",
        "Microsoft.VSTS.Scheduling.Effort": 0.0,
        "System.Description": "As a User I want to see a list of popular products in the landing page - Layout",
        "System.AssignedTo": null,
        "Microsoft.VSTS.Scheduling.RemainingWork": 0.0,
        "Microsoft.VSTS.Common.Priority": 2.0,
        "System.BoardLane": null,
        "System.Tags": null,
        "Microsoft.VSTS.TCM.Steps": null,
        "Microsoft.VSTS.TCM.Parameters": null,
        "Microsoft.VSTS.TCM.LocalDataSource": null,
        "Microsoft.VSTS.TCM.AutomationStatus": null,
        "System.History": null
      },
      "relations": [
        {
          "rel": "System.LinkTypes.Hierarchy-Reverse",
          "url": "https://dev.azure.com/mpvso2/_apis/wit/workItems/53",
          "attributes": {
            "isLocked": "false",
            "comment": "Making a new link for the dependency",
            "name": "Parent"
          }
        }
      ],
      "url": "https://dev.azure.com/mpvso2/_apis/wit/workItems/19"
    },
    {
      "id": 20,
      "rev": 1,
      "fields": {
        "System.AreaPath": "Tailwind Traders",
        "System.TeamProject": "Tailwind Traders",
        "System.IterationPath": "$ProjectName$\\Iteration 1",
        "System.WorkItemType": "Task",
        "System.State": "Closed",
        "System.Reason": "Completed",
        "System.CreatedDate": "2021-09-10T23:33:16.94Z",
        "System.CreatedBy": "Marcin Policht <mpolicht@hotmail.com>",
        "System.ChangedDate": "2021-09-10T23:33:16.94Z",
        "System.ChangedBy": "Marcin Policht <mpolicht@hotmail.com>",
        "System.Title": "As a User I want to see a list of recommended product categories in the landing page",
        "Microsoft.VSTS.Scheduling.Effort": 0.0,
        "System.Description": "As a User I want to see a list of recommended product categories in the landing page",
        "System.AssignedTo": null,
        "Microsoft.VSTS.Scheduling.RemainingWork": 0.0,
        "Microsoft.VSTS.Common.Priority": 2.0,
        "System.BoardLane": null,
        "System.Tags": null,
        "Microsoft.VSTS.TCM.Steps": null,
        "Microsoft.VSTS.TCM.Parameters": null,
        "Microsoft.VSTS.TCM.LocalDataSource": null,
        "Microsoft.VSTS.TCM.AutomationStatus": null,
        "System.History": null
      },
      "relations": [
        {
          "rel": "System.LinkTypes.Hierarchy-Reverse",
          "url": "https://dev.azure.com/mpvso2/_apis/wit/workItems/54",
          "attributes": {
            "isLocked": "false",
            "comment": "Making a new link for the dependency",
            "name": "Parent"
          }
        }
      ],
      "url": "https://dev.azure.com/mpvso2/_apis/wit/workItems/20"
    },
    {
      "id": 21,
      "rev": 1,
      "fields": {
        "System.AreaPath": "Tailwind Traders",
        "System.TeamProject": "Tailwind Traders",
        "System.IterationPath": "$ProjectName$\\Iteration 2",
        "System.WorkItemType": "Task",
        "System.State": "Active",
        "System.Reason": "Work started",
        "System.CreatedDate": "2021-09-10T23:33:17.08Z",
        "System.CreatedBy": "Marcin Policht <mpolicht@hotmail.com>",
        "System.ChangedDate": "2021-09-10T23:33:17.08Z",
        "System.ChangedBy": "Marcin Policht <mpolicht@hotmail.com>",
        "System.Title": "Update DB schema ",
        "Microsoft.VSTS.Scheduling.Effort": 0.0,
        "System.Description": "Update DB schema ",
        "System.AssignedTo": null,
        "Microsoft.VSTS.Scheduling.RemainingWork": 0.0,
        "Microsoft.VSTS.Common.Priority": 2.0,
        "System.BoardLane": null,
        "System.Tags": null,
        "Microsoft.VSTS.TCM.Steps": null,
        "Microsoft.VSTS.TCM.Parameters": null,
        "Microsoft.VSTS.TCM.LocalDataSource": null,
        "Microsoft.VSTS.TCM.AutomationStatus": null,
        "System.History": null
      },
      "relations": [
        {
          "rel": "System.LinkTypes.Hierarchy-Reverse",
          "url": "https://dev.azure.com/mpvso2/_apis/wit/workItems/55",
          "attributes": {
            "isLocked": "false",
            "comment": "Making a new link for the dependency",
            "name": "Parent"
          }
        }
      ],
      "url": "https://dev.azure.com/mpvso2/_apis/wit/workItems/21"
    },
    {
      "id": 22,
      "rev": 1,
      "fields": {
        "System.AreaPath": "Tailwind Traders",
        "System.TeamProject": "Tailwind Traders",
        "System.IterationPath": "$ProjectName$\\Iteration 2",
        "System.WorkItemType": "Task",
        "System.State": "New",
        "System.Reason": "New",
        "System.CreatedDate": "2021-09-10T23:33:17.223Z",
        "System.CreatedBy": "Marcin Policht <mpolicht@hotmail.com>",
        "System.ChangedDate": "2021-09-10T23:33:17.223Z",
        "System.ChangedBy": "Marcin Policht <mpolicht@hotmail.com>",
        "System.Title": "Route to login screen if not signed in or upon timeout",
        "Microsoft.VSTS.Scheduling.Effort": 0.0,
        "System.Description": "Route to login screen if not signed in or upon timeout",
        "System.AssignedTo": null,
        "Microsoft.VSTS.Scheduling.RemainingWork": 0.0,
        "Microsoft.VSTS.Common.Priority": 2.0,
        "System.BoardLane": null,
        "System.Tags": null,
        "Microsoft.VSTS.TCM.Steps": null,
        "Microsoft.VSTS.TCM.Parameters": null,
        "Microsoft.VSTS.TCM.LocalDataSource": null,
        "Microsoft.VSTS.TCM.AutomationStatus": null,
        "System.History": null
      },
      "relations": [
        {
          "rel": "System.LinkTypes.Hierarchy-Reverse",
          "url": "https://dev.azure.com/mpvso2/_apis/wit/workItems/55",
          "attributes": {
            "isLocked": "false",
            "comment": "Making a new link for the dependency",
            "name": "Parent"
          }
        }
      ],
      "url": "https://dev.azure.com/mpvso2/_apis/wit/workItems/22"
    },
    {
      "id": 23,
      "rev": 1,
      "fields": {
        "System.AreaPath": "Tailwind Traders",
        "System.TeamProject": "Tailwind Traders",
        "System.IterationPath": "$ProjectName$\\Iteration 1",
        "System.WorkItemType": "Task",
        "System.State": "Closed",
        "System.Reason": "Completed",
        "System.CreatedDate": "2021-09-10T23:33:17.383Z",
        "System.CreatedBy": "Marcin Policht <mpolicht@hotmail.com>",
        "System.ChangedDate": "2021-09-10T23:33:17.383Z",
        "System.ChangedBy": "Marcin Policht <mpolicht@hotmail.com>",
        "System.Title": "Remove item if qty is set to zero",
        "Microsoft.VSTS.Scheduling.Effort": 0.0,
        "System.Description": "Remove item if qty is set to zero",
        "System.AssignedTo": null,
        "Microsoft.VSTS.Scheduling.RemainingWork": 0.0,
        "Microsoft.VSTS.Common.Priority": 2.0,
        "System.BoardLane": null,
        "System.Tags": null,
        "Microsoft.VSTS.TCM.Steps": null,
        "Microsoft.VSTS.TCM.Parameters": null,
        "Microsoft.VSTS.TCM.LocalDataSource": null,
        "Microsoft.VSTS.TCM.AutomationStatus": null,
        "System.History": null
      },
      "relations": [
        {
          "rel": "System.LinkTypes.Hierarchy-Reverse",
          "url": "https://dev.azure.com/mpvso2/_apis/wit/workItems/62",
          "attributes": {
            "isLocked": "false",
            "comment": "Making a new link for the dependency",
            "name": "Parent"
          }
        }
      ],
      "url": "https://dev.azure.com/mpvso2/_apis/wit/workItems/23"
    },
    {
      "id": 24,
      "rev": 1,
      "fields": {
        "System.AreaPath": "Tailwind Traders",
        "System.TeamProject": "Tailwind Traders",
        "System.IterationPath": "$ProjectName$\\Iteration 2",
        "System.WorkItemType": "Task",
        "System.State": "New",
        "System.Reason": "New",
        "System.CreatedDate": "2021-09-10T23:33:17.537Z",
        "System.CreatedBy": "Marcin Policht <mpolicht@hotmail.com>",
        "System.ChangedDate": "2021-09-10T23:33:17.537Z",
        "System.ChangedBy": "Marcin Policht <mpolicht@hotmail.com>",
        "System.Title": "Shows the total price of all items",
        "Microsoft.VSTS.Scheduling.Effort": 0.0,
        "System.Description": "Shows the total price of all items",
        "System.AssignedTo": null,
        "Microsoft.VSTS.Scheduling.RemainingWork": 0.0,
        "Microsoft.VSTS.Common.Priority": 2.0,
        "System.BoardLane": null,
        "System.Tags": null,
        "Microsoft.VSTS.TCM.Steps": null,
        "Microsoft.VSTS.TCM.Parameters": null,
        "Microsoft.VSTS.TCM.LocalDataSource": null,
        "Microsoft.VSTS.TCM.AutomationStatus": null,
        "System.History": null
      },
      "relations": [
        {
          "rel": "System.LinkTypes.Hierarchy-Reverse",
          "url": "https://dev.azure.com/mpvso2/_apis/wit/workItems/54",
          "attributes": {
            "isLocked": "false",
            "comment": "Making a new link for the dependency",
            "name": "Parent"
          }
        }
      ],
      "url": "https://dev.azure.com/mpvso2/_apis/wit/workItems/24"
    },
    {
      "id": 25,
      "rev": 1,
      "fields": {
        "System.AreaPath": "Tailwind Traders",
        "System.TeamProject": "Tailwind Traders",
        "System.IterationPath": "$ProjectName$\\Iteration 2",
        "System.WorkItemType": "Task",
        "System.State": "Active",
        "System.Reason": "Work started",
        "System.CreatedDate": "2021-09-10T23:33:17.68Z",
        "System.CreatedBy": "Marcin Policht <mpolicht@hotmail.com>",
        "System.ChangedDate": "2021-09-10T23:33:17.68Z",
        "System.ChangedBy": "Marcin Policht <mpolicht@hotmail.com>",
        "System.Title": "Create a new route and view for cart",
        "Microsoft.VSTS.Scheduling.Effort": 0.0,
        "System.Description": "Create a new route and view for cart",
        "System.AssignedTo": null,
        "Microsoft.VSTS.Scheduling.RemainingWork": 0.0,
        "Microsoft.VSTS.Common.Priority": 2.0,
        "System.BoardLane": null,
        "System.Tags": null,
        "Microsoft.VSTS.TCM.Steps": null,
        "Microsoft.VSTS.TCM.Parameters": null,
        "Microsoft.VSTS.TCM.LocalDataSource": null,
        "Microsoft.VSTS.TCM.AutomationStatus": null,
        "System.History": null
      },
      "relations": [
        {
          "rel": "System.LinkTypes.Hierarchy-Reverse",
          "url": "https://dev.azure.com/mpvso2/_apis/wit/workItems/54",
          "attributes": {
            "isLocked": "false",
            "comment": "Making a new link for the dependency",
            "name": "Parent"
          }
        }
      ],
      "url": "https://dev.azure.com/mpvso2/_apis/wit/workItems/25"
    },
    {
      "id": 26,
      "rev": 1,
      "fields": {
        "System.AreaPath": "Tailwind Traders",
        "System.TeamProject": "Tailwind Traders",
        "System.IterationPath": "$ProjectName$\\Iteration 1",
        "System.WorkItemType": "Task",
        "System.State": "Closed",
        "System.Reason": "Completed",
        "System.CreatedDate": "2021-09-10T23:33:17.83Z",
        "System.CreatedBy": "Marcin Policht <mpolicht@hotmail.com>",
        "System.ChangedDate": "2021-09-10T23:33:17.83Z",
        "System.ChangedBy": "Marcin Policht <mpolicht@hotmail.com>",
        "System.Title": "As a user, I want to choose to unsubscribe newsletters",
        "Microsoft.VSTS.Scheduling.Effort": 0.0,
        "System.Description": "As a user, I want to choose to unsubscribe newsletters",
        "System.AssignedTo": null,
        "Microsoft.VSTS.Scheduling.RemainingWork": 0.0,
        "Microsoft.VSTS.Common.Priority": 2.0,
        "System.BoardLane": null,
        "System.Tags": null,
        "Microsoft.VSTS.TCM.Steps": null,
        "Microsoft.VSTS.TCM.Parameters": null,
        "Microsoft.VSTS.TCM.LocalDataSource": null,
        "Microsoft.VSTS.TCM.AutomationStatus": null,
        "System.History": null
      },
      "relations": [
        {
          "rel": "System.LinkTypes.Hierarchy-Reverse",
          "url": "https://dev.azure.com/mpvso2/_apis/wit/workItems/67",
          "attributes": {
            "isLocked": "false",
            "comment": "Making a new link for the dependency",
            "name": "Parent"
          }
        }
      ],
      "url": "https://dev.azure.com/mpvso2/_apis/wit/workItems/26"
    },
    {
      "id": 27,
      "rev": 1,
      "fields": {
        "System.AreaPath": "Tailwind Traders",
        "System.TeamProject": "Tailwind Traders",
        "System.IterationPath": "Tailwind Traders",
        "System.WorkItemType": "Task",
        "System.State": "Closed",
        "System.Reason": "Completed",
        "System.CreatedDate": "2021-09-10T23:33:18.16Z",
        "System.CreatedBy": "Marcin Policht <mpolicht@hotmail.com>",
        "System.ChangedDate": "2021-09-10T23:33:18.16Z",
        "System.ChangedBy": "Marcin Policht <mpolicht@hotmail.com>",
        "System.Title": "Update ARM template for deployment",
        "Microsoft.VSTS.Scheduling.Effort": 0.0,
        "System.Description": "Update ARM template for deployment",
        "System.AssignedTo": null,
        "Microsoft.VSTS.Scheduling.RemainingWork": 0.0,
        "Microsoft.VSTS.Common.Priority": 2.0,
        "System.BoardLane": null,
        "System.Tags": null,
        "Microsoft.VSTS.TCM.Steps": null,
        "Microsoft.VSTS.TCM.Parameters": null,
        "Microsoft.VSTS.TCM.LocalDataSource": null,
        "Microsoft.VSTS.TCM.AutomationStatus": null,
        "System.History": null
      },
      "relations": null,
      "url": "https://dev.azure.com/mpvso2/_apis/wit/workItems/27"
    },
    {
      "id": 28,
      "rev": 5,
      "fields": {
        "System.AreaPath": "Tailwind Traders",
        "System.TeamProject": "Tailwind Traders",
        "System.IterationPath": "$ProjectName$\\Iteration 1",
        "System.WorkItemType": "Task",
        "System.State": "Closed",
        "System.Reason": "Completed",
        "System.CreatedDate": "2021-09-10T23:33:18.3Z",
        "System.CreatedBy": "Marcin Policht <mpolicht@hotmail.com>",
        "System.ChangedDate": "2021-09-10T23:33:32.21Z",
        "System.ChangedBy": "Marcin Policht <mpolicht@hotmail.com>",
        "System.Title": "Create docker image",
        "Microsoft.VSTS.Scheduling.Effort": 0.0,
        "System.Description": "Create docker image",
        "System.AssignedTo": null,
        "Microsoft.VSTS.Scheduling.RemainingWork": 0.0,
        "Microsoft.VSTS.Common.Priority": 2.0,
        "System.BoardLane": null,
        "System.Tags": null,
        "Microsoft.VSTS.TCM.Steps": null,
        "Microsoft.VSTS.TCM.Parameters": null,
        "Microsoft.VSTS.TCM.LocalDataSource": null,
        "Microsoft.VSTS.TCM.AutomationStatus": null,
        "System.History": null
      },
      "relations": [
        {
          "rel": "System.LinkTypes.Hierarchy-Reverse",
          "url": "https://dev.azure.com/mpvso2/_apis/wit/workItems/53",
          "attributes": {
            "isLocked": "false",
            "comment": "Making a new link for the dependency",
            "name": "Parent"
          }
        },
        {
          "rel": "ArtifactLink",
          "url": "vstfs:///Git/PullRequestId/49fa88ec-f0a8-417b-8858-c824a4e8582a%2fe09b416c-8a2c-45a2-976a-8165f248b1b8%2f5",
          "attributes": {
            "authorizedDate": "2021-09-10T23:33:31.72Z",
            "id": "7082178",
            "resourceCreatedDate": "2021-09-10T23:33:31.72Z",
            "resourceModifiedDate": "2021-09-10T23:33:31.72Z",
            "revisedDate": "9999-01-01T00:00:00Z",
            "name": "Pull Request"
          }
        },
        {
          "rel": "ArtifactLink",
          "url": "vstfs:///Build/Build/11",
          "attributes": {
            "authorizedDate": "2021-09-10T23:33:31.857Z",
            "id": "7082179",
            "resourceCreatedDate": "2021-09-10T23:33:31.857Z",
            "resourceModifiedDate": "2021-09-10T23:33:31.857Z",
            "revisedDate": "9999-01-01T00:00:00Z",
            "name": "Integrated in build"
          }
        },
        {
          "rel": "ArtifactLink",
          "url": "vstfs:///Git/Commit/49fa88ec-f0a8-417b-8858-c824a4e8582a%2fe09b416c-8a2c-45a2-976a-8165f248b1b8%2fd9cf8de09144f18690c4d734d58283c72eb663a9",
          "attributes": {
            "authorizedDate": "2021-09-10T23:33:31.573Z",
            "id": "7082177",
            "resourceCreatedDate": "2021-09-10T23:33:31.573Z",
            "resourceModifiedDate": "2021-09-10T23:33:31.573Z",
            "revisedDate": "9999-01-01T00:00:00Z",
            "name": "Fixed in Commit"
          }
        },
        {
          "rel": "ArtifactLink",
          "url": "vstfs:///Build/Build/275",
          "attributes": {
            "authorizedDate": "2021-09-10T23:33:32.21Z",
            "id": "7082180",
            "resourceCreatedDate": "2021-09-10T23:33:32.21Z",
            "resourceModifiedDate": "2021-09-10T23:33:32.21Z",
            "revisedDate": "9999-01-01T00:00:00Z",
            "name": "Integrated in build"
          }
        }
      ],
      "url": "https://dev.azure.com/mpvso2/_apis/wit/workItems/28"
    },
    {
      "id": 29,
      "rev": 5,
      "fields": {
        "System.AreaPath": "Tailwind Traders",
        "System.TeamProject": "Tailwind Traders",
        "System.IterationPath": "$ProjectName$\\Iteration 1",
        "System.WorkItemType": "Task",
        "System.State": "Closed",
        "System.Reason": "Completed",
        "System.CreatedDate": "2021-09-10T23:33:18.433Z",
        "System.CreatedBy": "Marcin Policht <mpolicht@hotmail.com>",
        "System.ChangedDate": "2021-09-10T23:33:33.17Z",
        "System.ChangedBy": "Marcin Policht <mpolicht@hotmail.com>",
        "System.Title": "Create Azure environment",
        "Microsoft.VSTS.Scheduling.Effort": 0.0,
        "System.Description": "Create Azure environment",
        "System.AssignedTo": null,
        "Microsoft.VSTS.Scheduling.RemainingWork": 0.0,
        "Microsoft.VSTS.Common.Priority": 2.0,
        "System.BoardLane": null,
        "System.Tags": null,
        "Microsoft.VSTS.TCM.Steps": null,
        "Microsoft.VSTS.TCM.Parameters": null,
        "Microsoft.VSTS.TCM.LocalDataSource": null,
        "Microsoft.VSTS.TCM.AutomationStatus": null,
        "System.History": null
      },
      "relations": [
        {
          "rel": "System.LinkTypes.Hierarchy-Reverse",
          "url": "https://dev.azure.com/mpvso2/_apis/wit/workItems/53",
          "attributes": {
            "isLocked": "false",
            "comment": "Making a new link for the dependency",
            "name": "Parent"
          }
        },
        {
          "rel": "ArtifactLink",
          "url": "vstfs:///Build/Build/10",
          "attributes": {
            "authorizedDate": "2021-09-10T23:33:33.17Z",
            "id": "7082184",
            "resourceCreatedDate": "2021-09-10T23:33:33.17Z",
            "resourceModifiedDate": "2021-09-10T23:33:33.17Z",
            "revisedDate": "9999-01-01T00:00:00Z",
            "name": "Integrated in build"
          }
        },
        {
          "rel": "ArtifactLink",
          "url": "vstfs:///Build/Build/275",
          "attributes": {
            "authorizedDate": "2021-09-10T23:33:32.5Z",
            "id": "7082182",
            "resourceCreatedDate": "2021-09-10T23:33:32.5Z",
            "resourceModifiedDate": "2021-09-10T23:33:32.5Z",
            "revisedDate": "9999-01-01T00:00:00Z",
            "name": "Integrated in build"
          }
        },
        {
          "rel": "ArtifactLink",
          "url": "vstfs:///Git/PullRequestId/49fa88ec-f0a8-417b-8858-c824a4e8582a%2fe09b416c-8a2c-45a2-976a-8165f248b1b8%2f3",
          "attributes": {
            "authorizedDate": "2021-09-10T23:33:32.353Z",
            "id": "7082181",
            "resourceCreatedDate": "2021-09-10T23:33:32.353Z",
            "resourceModifiedDate": "2021-09-10T23:33:32.353Z",
            "revisedDate": "9999-01-01T00:00:00Z",
            "name": "Pull Request"
          }
        },
        {
          "rel": "ArtifactLink",
          "url": "vstfs:///Git/Commit/49fa88ec-f0a8-417b-8858-c824a4e8582a%2fe09b416c-8a2c-45a2-976a-8165f248b1b8%2f3a4cdf97cc0ea5f01ab4d3931b3f330047df28bd",
          "attributes": {
            "authorizedDate": "2021-09-10T23:33:32.85Z",
            "id": "7082183",
            "resourceCreatedDate": "2021-09-10T23:33:32.85Z",
            "resourceModifiedDate": "2021-09-10T23:33:32.85Z",
            "revisedDate": "9999-01-01T00:00:00Z",
            "name": "Fixed in Commit"
          }
        }
      ],
      "url": "https://dev.azure.com/mpvso2/_apis/wit/workItems/29"
    }
  ],
  "HttpStatusCode": 0,
  "Message": null
}