{
  "options": [
    {
      "enabled": false,
      "definition": {
        "id": "5d58cc01-7c75-450c-be18-a388ddb129ec"
      },
      "inputs": {
        "branchFilters": "[\"+refs/heads/*\"]",
        "additionalFields": "{}"
      }
    },
    {
      "enabled": false,
      "definition": {
        "id": "a9db38f9-9fdc-478c-b0f9-464221e58316"
      },
      "inputs": {
        "workItemType": "Bug",
        "assignToRequestor": "true",
        "additionalFields": "{}"
      }
    }
  ],
  "variables": {
    "extracomposefile": {
      "value": "docker-compose.netcore22.yml"
    },
    "registry": {
      "value": ""
    },
    "resourcegroup": {
      "value": "TailwindTradersBackend"
    },
    "servicePrincipalId": {
      "value": ""
    },
    "servicePrincipalSecret": {
      "value": ""
    },
    "sqlServerAdministratorLogin": {
      "value": "sqladmin"
    },
    "sqlServerAdministratorLoginPassword": {
      "value": "P2ssw0rd@123"
    },
    "system.debug": {
      "value": "false",
      "allowOverride": true
    },
    "tag": {
      "value": "prod"
    }
  },
  "properties": {},
  "tags": [],
  "_links": "{}",
  "jobAuthorizationScope": "projectCollection",
  "jobTimeoutInMinutes": 60,
  "jobCancelTimeoutInMinutes": 5,
  "process": {
    "phases": [
      {
        "steps": [
          {
            "environment": {},
            "enabled": true,
            "continueOnError": false,
            "alwaysRun": false,
            "displayName": "Azure Deployment:Create Or Update Resource Group action on $(resourcegroup)",
            "timeoutInMinutes": 0,
            "condition": "succeeded()",
            "task": {
              "id": "94a74903-f93f-4075-884f-dc11f34058b4",
              "versionSpec": "2.*",
              "definitionType": "task"
            },
            "inputs": {
              "ConnectedServiceName": "",
              "action": "Create Or Update Resource Group",
              "resourceGroupName": "$(resourcegroup)",
              "location": "South India",
              "templateLocation": "Linked artifact",
              "csmFileLink": "",
              "csmParametersFileLink": "",
              "csmFile": "Deploy/deployment.json",
              "csmParametersFile": "",
              "overrideParameters": "-sqlServerAdministratorLogin $(sqlServerAdministratorLogin) -sqlServerAdministratorLoginPassword $(sqlServerAdministratorLoginPassword) -servicePrincipalId $(servicePrincipalId) -servicePrincipalSecret $(servicePrincipalSecret)",
              "deploymentMode": "Incremental",
              "enableDeploymentPrerequisites": "None",
              "deploymentGroupEndpoint": "",
              "project": "",
              "deploymentGroupName": "",
              "copyAzureVMTags": "true",
              "runAgentServiceAsUser": "false",
              "userName": "",
              "password": "",
              "outputVariable": "",
              "deploymentName": "",
              "deploymentOutputs": ""
            }
          },
          {
            "environment": {},
            "enabled": true,
            "continueOnError": false,
            "alwaysRun": false,
            "displayName": "ARM Outputs",
            "timeoutInMinutes": 0,
            "condition": "succeeded()",
            "task": {
              "id": "584bcff2-3353-4f11-872b-6ba01267a972",
              "versionSpec": "6.*",
              "definitionType": "task"
            },
            "inputs": {
              "ConnectedServiceNameSelector": "ConnectedServiceNameARM",
              "ConnectedServiceNameARM": "",
              "resourceGroupName": "$(resourcegroup)",
              "prefix": "",
              "outputNames": "",
              "whenLastDeploymentIsFailed": "fail",
              "deploymentNameFilter": ""
            }
          },
          {
            "environment": {},
            "enabled": true,
            "continueOnError": false,
            "alwaysRun": false,
            "displayName": "Azure CLI ",
            "timeoutInMinutes": 0,
            "condition": "succeeded()",
            "task": {
              "id": "46e4be58-730b-4389-8a2f-ea10b3e5e815",
              "versionSpec": "1.*",
              "definitionType": "task"
            },
            "inputs": {
              "connectedServiceNameARM": "",
              "scriptLocation": "inlineScript",
              "scriptPath": "",
              "inlineScript": "echo \"##vso[task.setvariable variable=registry;]$(acr).azurecr.io\"",
              "args": "",
              "addSpnToEnvironment": "false",
              "useGlobalConfig": "false",
              "cwd": "",
              "failOnStandardError": "false"
            }
          },
          {
            "environment": {},
            "enabled": true,
            "continueOnError": false,
            "alwaysRun": false,
            "displayName": "Build services",
            "timeoutInMinutes": 0,
            "condition": "succeeded()",
            "task": {
              "id": "6975e2d1-96d3-4afc-8a41-498b5d34ea19",
              "versionSpec": "0.*",
              "definitionType": "task"
            },
            "inputs": {
              "containerregistrytype": "Azure Container Registry",
              "dockerRegistryEndpoint": "",
              "azureSubscriptionEndpoint": "",
              "azureContainerRegistry": "",
              "dockerComposeFile": "Source/docker-compose.yml",
              "additionalDockerComposeFiles": "$(extracomposefile)",
              "dockerComposeFileArgs": "TAG=$(tag)\nREGISTRY=$(registry)",
              "projectName": "$(Build.Repository.Name)",
              "qualifyImageNames": "true",
              "action": "Build services",
              "additionalImageTags": "",
              "includeSourceTags": "false",
              "includeLatestTag": "true",
              "buildImages": "true",
              "serviceName": "",
              "containerName": "",
              "ports": "",
              "workDir": "",
              "entrypoint": "",
              "containerCommand": "",
              "detached": "true",
              "abortOnContainerExit": "true",
              "imageDigestComposeFile": "$(Build.StagingDirectory)/docker-compose.images.yml",
              "removeBuildOptions": "false",
              "baseResolveDirectory": "",
              "outputDockerComposeFile": "$(Build.StagingDirectory)/docker-compose.yml",
              "dockerComposeCommand": "",
              "dockerHostEndpoint": "",
              "nopIfNoDockerComposeFile": "false",
              "requireAdditionalDockerComposeFiles": "false",
              "cwd": "$(System.DefaultWorkingDirectory)"
            }
          },
          {
            "environment": {},
            "enabled": true,
            "continueOnError": false,
            "alwaysRun": false,
            "displayName": "Push services",
            "timeoutInMinutes": 0,
            "condition": "succeeded()",
            "task": {
              "id": "6975e2d1-96d3-4afc-8a41-498b5d34ea19",
              "versionSpec": "0.*",
              "definitionType": "task"
            },
            "inputs": {
              "containerregistrytype": "Azure Container Registry",
              "dockerRegistryEndpoint": "",
              "azureSubscriptionEndpoint": "",
              "azureContainerRegistry": "",
              "dockerComposeFile": "**/docker-compose.yml",
              "additionalDockerComposeFiles": "$(extracomposefile)",
              "dockerComposeFileArgs": "",
              "projectName": "$(Build.Repository.Name)",
              "qualifyImageNames": "true",
              "action": "Push services",
              "additionalImageTags": "$(tag)",
              "includeSourceTags": "false",
              "includeLatestTag": "true",
              "buildImages": "true",
              "serviceName": "",
              "containerName": "",
              "ports": "",
              "workDir": "",
              "entrypoint": "",
              "containerCommand": "",
              "detached": "true",
              "abortOnContainerExit": "true",
              "imageDigestComposeFile": "$(Build.StagingDirectory)/docker-compose.images.yml",
              "removeBuildOptions": "false",
              "baseResolveDirectory": "",
              "outputDockerComposeFile": "$(Build.StagingDirectory)/docker-compose.yml",
              "dockerComposeCommand": "",
              "dockerHostEndpoint": "",
              "nopIfNoDockerComposeFile": "false",
              "requireAdditionalDockerComposeFiles": "false",
              "cwd": "$(System.DefaultWorkingDirectory)"
            }
          },
          {
            "environment": {},
            "enabled": true,
            "continueOnError": false,
            "alwaysRun": false,
            "displayName": "Publish Artifact: HelmScripts",
            "timeoutInMinutes": 0,
            "condition": "succeeded()",
            "task": {
              "id": "2ff763a7-ce83-4e1f-bc89-0ae63477cebe",
              "versionSpec": "1.*",
              "definitionType": "task"
            },
            "inputs": {
              "PathtoPublish": "Deploy",
              "ArtifactName": "HelmScripts",
              "ArtifactType": "Container",
              "TargetPath": "",
              "Parallel": "false",
              "ParallelCount": "8"
            }
          }
        ],
        "name": "Agent job 1",
        "refName": "Phase_1",
        "condition": "succeeded()",
        "target": {
          "executionOptions": {
            "type": 0
          },
          "allowScriptsAuthAccessOption": false,
          "type": 1,
          "queue": "{}"
        },
        "jobAuthorizationScope": "projectCollection",
        "jobCancelTimeoutInMinutes": 1
      }
    ],
    "target": {
      "agentSpecification": {
        "identifier": "ubuntu-16.04"
      }
    },
    "type": 1
  },
  "repository": {
    "properties": {
      "apiUrl": "polichtm/TailwindTraders-Backend",
      "branchesUrl": "https://api.github.com/repos/polichtm/TailwindTraders-Backend/branches",
      "cloneUrl": "https://github.com/polichtm/TailwindTraders-Backend.git",
      "connectedServiceId": "$GitHub_720e2eed$",
      "defaultBranch": "master",
      "fullName": "repository",
      "manageUrl": "https://github.com/polichtm/TailwindTraders-Backend",
      "safeRepository": "TailwindTraders-Backend"
    },
    "id": "polichtm/TailwindTraders-Backend",
    "type": "Git",
    "name": "repository",
    "url": "https://github.com/polichtm/TailwindTraders-Backend",
    "defaultBranch": "master",
    "clean": "false",
    "checkoutSubmodules": false
  },
  "processParameters": {},
  "quality": "definition",
  "authoredBy": "{}",
  "drafts": [],
  "queue": {
    "_links": "{}",
    "id": "",
    "name": "Azure Pipelines",
    "url": "",
    "pool": {
      "id": "",
      "name": "Azure Pipelines",
      "isHosted": true
    }
  },
  "id": "",
  "name": "Backend-CI",
  "url": "",
  "uri": "",
  "path": "\\",
  "type": "build",
  "queueStatus": "enabled",
  "revision": 1,
  "createdDate": "",
  "project": "{}"
}