{
  "options": [
    {
      "enabled": false,
      "definition": {
        "id": "5d58cc01-7c75-450c-be18-a388ddb129ec"
      },
      "inputs": {
        "branchFilters": "[\"+refs/heads/*\"]",
        "additionalFields": "{}"
      }
    },
    {
      "enabled": false,
      "definition": {
        "id": "a9db38f9-9fdc-478c-b0f9-464221e58316"
      },
      "inputs": {
        "workItemType": "Bug",
        "assignToRequestor": "true",
        "additionalFields": "{}"
      }
    }
  ],
  "variables": {
    "ImageName": {
      "value": "website"
    },
    "location": {
      "value": "westus"
    },
    "resourcegroup": {
      "value": "TailwindTraderWeb"
    },
    "system.debug": {
      "value": "false",
      "allowOverride": true
    }
  },
  "properties": {},
  "tags": [],
  "_links": "{}",
  "jobAuthorizationScope": "projectCollection",
  "jobTimeoutInMinutes": 60,
  "jobCancelTimeoutInMinutes": 5,
  "process": {
    "phases": [
      {
        "steps": [
          {
            "environment": {},
            "enabled": true,
            "continueOnError": false,
            "alwaysRun": false,
            "displayName": "Azure Deployment:Create Or Update Resource Group action on $(resourcegroup)",
            "timeoutInMinutes": 0,
            "task": {
              "id": "94a74903-f93f-4075-884f-dc11f34058b4",
              "versionSpec": "2.*",
              "definitionType": "task"
            },
            "inputs": {
              "ConnectedServiceName": "",
              "action": "Create Or Update Resource Group",
              "resourceGroupName": "$(resourcegroup)",
              "location": "$(location)",
              "templateLocation": "Linked artifact",
              "csmFileLink": "",
              "csmParametersFileLink": "",
              "csmFile": "Deploy/deployment.json",
              "csmParametersFile": "",
              "overrideParameters": "",
              "deploymentMode": "Incremental",
              "enableDeploymentPrerequisites": "None",
              "deploymentGroupEndpoint": "",
              "project": "",
              "deploymentGroupName": "",
              "copyAzureVMTags": "true",
              "runAgentServiceAsUser": "false",
              "userName": "",
              "password": "",
              "outputVariable": "",
              "deploymentOutputs": ""
            }
          },
          {
            "environment": {},
            "enabled": true,
            "continueOnError": false,
            "alwaysRun": false,
            "displayName": "ARM Outputs",
            "timeoutInMinutes": 0,
            "task": {
              "id": "584bcff2-3353-4f11-872b-6ba01267a972",
              "versionSpec": "6.*",
              "definitionType": "task"
            },
            "inputs": {
              "ConnectedServiceNameSelector": "ConnectedServiceNameARM",
              "ConnectedServiceNameARM": "",
              "resourceGroupName": "$(resourcegroup)",
              "prefix": "",
              "outputNames": "",
              "whenLastDeploymentIsFailed": "fail",
              "deploymentNameFilter": ""
            }
          },
          {
            "environment": {},
            "enabled": true,
            "continueOnError": false,
            "alwaysRun": false,
            "displayName": "Build an image",
            "timeoutInMinutes": 0,
            "task": {
              "id": "e28912f1-0114-4464-802a-a3a35437fd16",
              "versionSpec": "1.*",
              "definitionType": "task"
            },
            "inputs": {
              "containerregistrytype": "Azure Container Registry",
              "dockerRegistryEndpoint": "",
              "azureSubscriptionEndpoint": "",
              "azureContainerRegistry": "",
              "command": "Build an image",
              "dockerFile": "Source/Dockerfile",
              "arguments": "-t $(acr).azurecr.io/$(ImageName):$(Build.BuildId)",
              "useDefaultContext": "true",
              "buildContext": "",
              "pushMultipleImages": "false",
              "tagMultipleImages": "false",
              "imageName": "$(ImageName):$(Build.BuildId)",
              "imageNamesPath": "",
              "qualifyImageName": "true",
              "includeSourceTags": "false",
              "includeLatestTag": "true",
              "addDefaultLabels": "true",
              "imageDigestFile": "",
              "containerName": "",
              "ports": "",
              "volumes": "",
              "envVars": "",
              "workingDirectory": "",
              "entrypointOverride": "",
              "containerCommand": "",
              "runInBackground": "true",
              "restartPolicy": "no",
              "maxRestartRetries": "",
              "dockerHostEndpoint": "",
              "enforceDockerNamingConvention": "true",
              "memoryLimit": ""
            }
          },
          {
            "environment": {},
            "enabled": true,
            "continueOnError": false,
            "alwaysRun": false,
            "displayName": "Push Image",
            "timeoutInMinutes": 0,
            "task": {
              "id": "e28912f1-0114-4464-802a-a3a35437fd16",
              "versionSpec": "1.*",
              "definitionType": "task"
            },
            "inputs": {
              "containerregistrytype": "Azure Container Registry",
              "dockerRegistryEndpoint": "",
              "azureSubscriptionEndpoint": "",
              "azureContainerRegistry": "",
              "command": "Push an image",
              "dockerFile": "**/Dockerfile",
              "arguments": "",
              "useDefaultContext": "true",
              "buildContext": "",
              "pushMultipleImages": "false",
              "tagMultipleImages": "false",
              "imageName": "$(ImageName):$(Build.BuildId)",
              "imageNamesPath": "",
              "qualifyImageName": "true",
              "includeSourceTags": "false",
              "includeLatestTag": "false",
              "addDefaultLabels": "true",
              "imageDigestFile": "",
              "containerName": "",
              "ports": "",
              "volumes": "",
              "envVars": "",
              "workingDirectory": "",
              "entrypointOverride": "",
              "containerCommand": "",
              "runInBackground": "true",
              "restartPolicy": "no",
              "maxRestartRetries": "",
              "dockerHostEndpoint": "",
              "enforceDockerNamingConvention": "true",
              "memoryLimit": ""
            }
          }
        ],
        "name": "Agent job 1",
        "refName": "Phase_1",
        "condition": "succeeded()",
        "target": {
          "executionOptions": {
            "type": 0
          },
          "allowScriptsAuthAccessOption": false,
          "type": 1,
          "queue": "{}"
        },
        "jobAuthorizationScope": "projectCollection",
        "jobCancelTimeoutInMinutes": 1
      }
    ],
    "target": {
      "agentSpecification": {
        "identifier": "ubuntu-16.04"
      }
    },
    "type": 1
  },
  "repository": {
    "properties": {
      "apiUrl": "polichtm/TailwindTraders-Website",
      "branchesUrl": "https://api.github.com/repos/polichtm/TailwindTraders-Website/branches",
      "cloneUrl": "https://github.com/polichtm/TailwindTraders-Website.git",
      "connectedServiceId": "$GitHub_f65f316b$",
      "defaultBranch": "master",
      "fullName": "repository",
      "manageUrl": "https://github.com/polichtm/TailwindTraders-Website",
      "safeRepository": "TailwindTraders-Website"
    },
    "id": "polichtm/TailwindTraders-Website",
    "type": "Git",
    "name": "repository",
    "url": "https://github.com/polichtm/TailwindTraders-Website",
    "defaultBranch": "master",
    "clean": "false",
    "checkoutSubmodules": false
  },
  "processParameters": {},
  "quality": "definition",
  "authoredBy": "{}",
  "drafts": [],
  "queue": {
    "_links": "{}",
    "id": "",
    "name": "Azure Pipelines",
    "url": "",
    "pool": {
      "id": "",
      "name": "Azure Pipelines",
      "isHosted": true
    }
  },
  "id": "",
  "name": "Website-CI",
  "url": "",
  "uri": "",
  "path": "\\",
  "type": "build",
  "queueStatus": "enabled",
  "revision": 1,
  "createdDate": "",
  "project": "{}"
}