{
  "source": "userInterface",
  "revision": 1,
  "description": null,
  "createdBy": "{}",
  "createdOn": "",
  "modifiedBy": "{}",
  "modifiedOn": "",
  "isDeleted": false,
  "variables": {
    "ACR_LoginServer": {
      "value": ""
    },
    "ACR_PASSWORD": {
      "value": ""
    },
    "ACR_USERNAME": {
      "value": ""
    },
    "appservice-name": {
      "value": ""
    },
    "ImageName": {
      "value": "website"
    },
    "resourcegroup": {
      "value": "TailwindTraderWeb"
    }
  },
  "variableGroups": [],
  "environments": [
    {
      "id": 2,
      "name": "Dev",
      "rank": 1,
      "owner": {
        "displayName": "$OwnerDisplayName$",
        "url": "",
        "_links": "{}",
        "id": "$OwnerId$",
        "uniqueName": "$OwnerUniqueName$",
        "imageUrl": "",
        "descriptor": ""
      },
      "variables": {},
      "variableGroups": [],
      "preDeployApprovals": {
        "approvals": [
          {
            "rank": 1,
            "isAutomated": true,
            "isNotificationOn": false,
            "id": 4
          }
        ],
        "approvalOptions": {
          "requiredApproverCount": null,
          "releaseCreatorCanBeApprover": false,
          "autoTriggeredAndPreviousEnvironmentApprovedCanBeSkipped": false,
          "enforceIdentityRevalidation": false,
          "timeoutInMinutes": 0,
          "executionOrder": "beforeGates"
        }
      },
      "deployStep": {
        "id": 5
      },
      "postDeployApprovals": {
        "approvals": [
          {
            "rank": 1,
            "isAutomated": true,
            "isNotificationOn": false,
            "id": 6
          }
        ],
        "approvalOptions": {
          "requiredApproverCount": null,
          "releaseCreatorCanBeApprover": false,
          "autoTriggeredAndPreviousEnvironmentApprovedCanBeSkipped": false,
          "enforceIdentityRevalidation": false,
          "timeoutInMinutes": 0,
          "executionOrder": "afterSuccessfulGates"
        }
      },
      "deployPhases": [
        {
          "deploymentInput": {
            "parallelExecution": {
              "parallelExecutionType": "none"
            },
            "agentSpecification": null,
            "skipArtifactsDownload": false,
            "artifactsDownloadInput": {
              "downloadInputs": []
            },
            "queueId": "$Hosted VS2017$",
            "demands": [],
            "enableAccessToken": false,
            "timeoutInMinutes": 0,
            "jobCancelTimeoutInMinutes": 1,
            "condition": "succeeded()",
            "overrideInputs": {}
          },
          "rank": 1,
          "phaseType": "agentBasedDeployment",
          "name": "Agent job",
          "refName": null,
          "workflowTasks": [
            {
              "environment": {},
              "taskId": "46e4be58-730b-4389-8a2f-ea10b3e5e815",
              "version": "1.*",
              "name": "Azure CLI to configure Container settings to App service",
              "refName": "",
              "enabled": true,
              "alwaysRun": false,
              "continueOnError": false,
              "timeoutInMinutes": 0,
              "definitionType": "task",
              "overrideInputs": {},
              "condition": "succeeded()",
              "inputs": {
                "connectedServiceNameARM": "",
                "scriptLocation": "inlineScript",
                "scriptPath": "",
                "inlineScript": "call az webapp config container set -n $(appservice-name) -g $(resourcegroup) -c website -r $(ACR_LoginServer) -u $(ACR_USERNAME) -p $(ACR_PASSWORD)",
                "args": "",
                "addSpnToEnvironment": "false",
                "useGlobalConfig": "false",
                "cwd": "",
                "failOnStandardError": "false"
              }
            },
            {
              "environment": {},
              "taskId": "497d490f-eea7-4f2b-ab94-48d9c1acdcb1",
              "version": "4.*",
              "name": "Deploy Container to App Service",
              "refName": "",
              "enabled": true,
              "alwaysRun": false,
              "continueOnError": false,
              "timeoutInMinutes": 0,
              "definitionType": "task",
              "overrideInputs": {},
              "condition": "succeeded()",
              "inputs": {
                "ConnectionType": "AzureRM",
                "ConnectedServiceName": "",
                "PublishProfilePath": "$(System.DefaultWorkingDirectory)/**/*.pubxml",
                "PublishProfilePassword": "",
                "WebAppKind": "webAppContainer",
                "WebAppName": "$(appservice-name) ",
                "DeployToSlotOrASEFlag": "false",
                "ResourceGroupName": "",
                "SlotName": "production",
                "DockerNamespace": "$(ACR_LoginServer)",
                "DockerRepository": "$(ImageName)",
                "DockerImageTag": "$(Build.BuildId)",
                "VirtualApplication": "",
                "Package": "$(System.DefaultWorkingDirectory)/**/*.zip",
                "RuntimeStack": "",
                "RuntimeStackFunction": "",
                "StartupCommand": "",
                "ScriptType": "",
                "InlineScript": ":: You can provide your deployment commands here. One command per line.",
                "ScriptPath": "",
                "WebConfigParameters": "",
                "AppSettings": "",
                "ConfigurationSettings": "",
                "UseWebDeploy": "false",
                "DeploymentType": "webDeploy",
                "TakeAppOfflineFlag": "false",
                "SetParametersFile": "",
                "RemoveAdditionalFilesFlag": "false",
                "ExcludeFilesFromAppDataFlag": "false",
                "AdditionalArguments": "",
                "RenameFilesFlag": "false",
                "XmlTransformation": "false",
                "XmlVariableSubstitution": "false",
                "JSONFiles": ""
              }
            },
            {
              "environment": {},
              "taskId": "f045e430-8704-11e6-968f-e717e6411619",
              "version": "0.*",
              "name": "Restart Azure App Service: tailwindtraders",
              "refName": "",
              "enabled": true,
              "alwaysRun": false,
              "continueOnError": false,
              "timeoutInMinutes": 0,
              "definitionType": "task",
              "overrideInputs": {},
              "condition": "succeeded()",
              "inputs": {
                "ConnectedServiceName": "",
                "Action": "Restart Azure App Service",
                "WebAppName": "$(appservice-name) ",
                "SpecifySlot": "false",
                "ResourceGroupName": "",
                "SourceSlot": "",
                "SwapWithProduction": "true",
                "TargetSlot": "",
                "PreserveVnet": "false",
                "Slot": "production",
                "ExtensionsList": "",
                "OutputVariable": "",
                "AppInsightsResourceGroupName": "",
                "ApplicationInsightsResourceName": "",
                "ApplicationInsightsWebTestName": ""
              }
            }
          ]
        }
      ],
      "environmentOptions": {
        "emailNotificationType": "OnlyOnFailure",
        "emailRecipients": "release.environment.owner;release.creator",
        "skipArtifactsDownload": false,
        "timeoutInMinutes": 0,
        "enableAccessToken": false,
        "publishDeploymentStatus": true,
        "badgeEnabled": false,
        "autoLinkWorkItems": false,
        "pullRequestDeploymentEnabled": false
      },
      "demands": [],
      "conditions": [
        {
          "name": "ReleaseStarted",
          "conditionType": "event",
          "value": ""
        }
      ],
      "executionPolicy": {
        "concurrencyCount": 1,
        "queueDepthCount": 0
      },
      "schedules": [],
      "currentRelease": {
        "id": 0,
        "url": "https://vsrm.dev.azure.com/mpvso2/85249c5b-d2a3-4ff8-a94b-55ad6f03e4d5/_apis/Release/releases/0",
        "_links": {}
      },
      "retentionPolicy": {
        "daysToKeep": 30,
        "releasesToKeep": 3,
        "retainBuild": true
      },
      "processParameters": {},
      "properties": {},
      "preDeploymentGates": {
        "id": 0,
        "gatesOptions": null,
        "gates": []
      },
      "postDeploymentGates": {
        "id": 0,
        "gatesOptions": null,
        "gates": []
      },
      "environmentTriggers": [],
      "badgeUrl": ""
    }
  ],
  "artifacts": [
    {
      "sourceId": "$ProjectId$:$Website-CI-id$",
      "type": "Build",
      "alias": "_Website-CI",
      "definitionReference": {
        "defaultVersionBranch": {
          "id": "",
          "name": ""
        },
        "defaultVersionSpecific": {
          "id": "",
          "name": ""
        },
        "defaultVersionTags": {
          "id": "",
          "name": ""
        },
        "defaultVersionType": {
          "id": "selectDuringReleaseCreationType",
          "name": "Specify at the time of release creation"
        },
        "definition": {
          "id": "$Website-CI-id$",
          "name": "Website-CI"
        },
        "definitions": {
          "id": "",
          "name": ""
        },
        "IsMultiDefinitionType": {
          "id": "False",
          "name": "False"
        },
        "project": {
          "id": "$ProjectId$",
          "name": "$ProjectName$"
        },
        "artifactSourceDefinitionUrl": "{}"
      },
      "isPrimary": true,
      "isRetained": false
    }
  ],
  "triggers": [],
  "releaseNameFormat": "Release-$(rev:r)",
  "tags": [],
  "properties": {
    "DefinitionCreationSource": {
      "$type": "System.String",
      "$value": "Other"
    }
  },
  "id": "",
  "name": "Website-CD",
  "path": "\\",
  "projectReference": null,
  "url": "",
  "_links": "{}"
}